d,dt,ts,q
4.30145884939477e+17,4,sdv-pii-orl8j,192
7.09825492386306e+17,4,sdv-pii-i8phi,192
4.0828446749611283e+17,4,sdv-pii-lm8u5,192
2.2655654028387242e+17,4,sdv-pii-we9z9,192
1.2558960292050795e+17,4,sdv-pii-rvb4z,192
5.661306311197139e+17,4,sdv-pii-roox2,192
4.995564928167311e+17,4,sdv-pii-8vp3y,192
2.333553972493592e+17,4,sdv-pii-aoytm,192
9.070423406333823e+17,4,sdv-pii-h9obq,192
